"pathway"	"GTEX Normal Adrenal Gland"	"TCGA-ACC-COC1"	"TCGA-ACC-COC2"	"TCGA-ACC-COC3"
"M2"	9.4066618028704e-06	0.00259413119533914	0.000501557735649419	0.000257667692983839
"M3"	0.148058252427184	0.00259413119533914	0.0302083445580259	0.262690355329949
"M4"	0.000212183563513078	0.00748720276097178	0.0105408569951694	0.000245614700094951
"M5"	2.83699596038141e-07	0.021403803087481	0.0105408569951694	0.000428767112337095
