"pathway"	"GTEX Normal Adrenal Gland"	"TCGA-ACC-COC1"	"TCGA-ACC-COC2"	"TCGA-ACC-COC3"
"M2"	-0.294554310476961	0.253380717030637	0.280438244056696	0.262639061183992
"M3"	0.257826887661142	0.292203806015961	0.250278009750832	-0.226701608163396
"M4"	-0.344053398058252	0.294427441312674	0.307645631067961	0.347696590829487
"M5"	-0.481737909457155	0.3120430204542	0.323185559787726	0.360943720994745
