"pathway"	"GTEX Normal Adrenal Gland"	"TCGA-ACC-COC1"	"TCGA-ACC-COC2"	"TCGA-ACC-COC3"
"M2"	-1.90369555015417	1.54852009457268	1.70672439279874	1.73936026625188
"M3"	1.23565010785025	1.62991746414909	1.36475261616529	-1.13920533896246
"M4"	-1.93648335893642	1.5655629662796	1.63915557032648	1.99930258897238
"M5"	-2.53055615985677	1.57004860235565	1.61939485967313	1.90487364483435
